{
  "GET my courses #1" : {
    "transaction" : "GET my courses #1",
    "sampleCount" : 100,
    "errorCount" : 0,
    "errorPct" : 0.0,
    "meanResTime" : 13629.93,
    "medianResTime" : 14237.0,
    "minResTime" : 4173.0,
    "maxResTime" : 20879.0,
    "pct1ResTime" : 17992.9,
    "pct2ResTime" : 18971.449999999997,
    "pct3ResTime" : 20865.319999999992,
    "throughput" : 0.16984301410206548,
    "receivedKBytesPerSec" : 2.688105715918027,
    "sentKBytesPerSec" : 0.1321922678118615
  },
  "courses" : {
    "transaction" : "courses",
    "sampleCount" : 100,
    "errorCount" : 0,
    "errorPct" : 0.0,
    "meanResTime" : 1209.81,
    "medianResTime" : 1199.0,
    "minResTime" : 554.0,
    "maxResTime" : 2293.0,
    "pct1ResTime" : 1586.3000000000004,
    "pct2ResTime" : 1697.0,
    "pct3ResTime" : 2289.109999999998,
    "throughput" : 0.1710896184530419,
    "receivedKBytesPerSec" : 0.05998161428187699,
    "sentKBytesPerSec" : 0.21285954483317907
  },
  "specializations" : {
    "transaction" : "specializations",
    "sampleCount" : 100,
    "errorCount" : 0,
    "errorPct" : 0.0,
    "meanResTime" : 164.5999999999999,
    "medianResTime" : 110.0,
    "minResTime" : 95.0,
    "maxResTime" : 498.0,
    "pct1ResTime" : 293.9,
    "pct2ResTime" : 317.94999999999976,
    "pct3ResTime" : 497.1899999999996,
    "throughput" : 0.17132293859957204,
    "receivedKBytesPerSec" : 0.6889725206572633,
    "sentKBytesPerSec" : 0.12414220746179927
  },
  "cities" : {
    "transaction" : "cities",
    "sampleCount" : 100,
    "errorCount" : 0,
    "errorPct" : 0.0,
    "meanResTime" : 194.79000000000005,
    "medianResTime" : 205.0,
    "minResTime" : 95.0,
    "maxResTime" : 407.0,
    "pct1ResTime" : 294.5,
    "pct2ResTime" : 325.9,
    "pct3ResTime" : 406.8099999999999,
    "throughput" : 0.17132029700086687,
    "receivedKBytesPerSec" : 0.1271517829303309,
    "sentKBytesPerSec" : 0.12263454853675335
  },
  "UPDATE course to PUBLIC" : {
    "transaction" : "UPDATE course to PUBLIC",
    "sampleCount" : 100,
    "errorCount" : 0,
    "errorPct" : 0.0,
    "meanResTime" : 1170.2399999999998,
    "medianResTime" : 1201.0,
    "minResTime" : 298.0,
    "maxResTime" : 1997.0,
    "pct1ResTime" : 1595.6,
    "pct2ResTime" : 1699.9,
    "pct3ResTime" : 1995.039999999999,
    "throughput" : 0.17108522781708935,
    "receivedKBytesPerSec" : 0.3226226317527339,
    "sentKBytesPerSec" : 0.21987124981180625
  },
  "login" : {
    "transaction" : "login",
    "sampleCount" : 100,
    "errorCount" : 0,
    "errorPct" : 0.0,
    "meanResTime" : 2417.5900000000006,
    "medianResTime" : 613.0,
    "minResTime" : 456.0,
    "maxResTime" : 10705.0,
    "pct1ResTime" : 7630.1,
    "pct2ResTime" : 8181.249999999998,
    "pct3ResTime" : 10700.959999999997,
    "throughput" : 0.1712229082553413,
    "receivedKBytesPerSec" : 0.17490152542488965,
    "sentKBytesPerSec" : 0.14045629192820966
  },
  "UPDATE created course" : {
    "transaction" : "UPDATE created course",
    "sampleCount" : 100,
    "errorCount" : 0,
    "errorPct" : 0.0,
    "meanResTime" : 1221.0,
    "medianResTime" : 1249.5,
    "minResTime" : 299.0,
    "maxResTime" : 2229.0,
    "pct1ResTime" : 1611.1000000000004,
    "pct2ResTime" : 1821.099999999999,
    "pct3ResTime" : 2226.6899999999987,
    "throughput" : 0.17063769011171648,
    "receivedKBytesPerSec" : 0.32111213754421647,
    "sentKBytesPerSec" : 0.21862954045563673
  },
  "GET filtered courses" : {
    "transaction" : "GET filtered courses",
    "sampleCount" : 100,
    "errorCount" : 0,
    "errorPct" : 0.0,
    "meanResTime" : 12911.72,
    "medianResTime" : 13800.0,
    "minResTime" : 1323.0,
    "maxResTime" : 20920.0,
    "pct1ResTime" : 17097.2,
    "pct2ResTime" : 17610.149999999998,
    "pct3ResTime" : 20894.019999999986,
    "throughput" : 0.17405531477903677,
    "receivedKBytesPerSec" : 1.2984254521086802,
    "sentKBytesPerSec" : 0.14158991915130628
  },
  "GET my courses#2" : {
    "transaction" : "GET my courses#2",
    "sampleCount" : 100,
    "errorCount" : 0,
    "errorPct" : 0.0,
    "meanResTime" : 13246.930000000004,
    "medianResTime" : 13932.5,
    "minResTime" : 4377.0,
    "maxResTime" : 21883.0,
    "pct1ResTime" : 17692.8,
    "pct2ResTime" : 18573.6,
    "pct3ResTime" : 21853.989999999983,
    "throughput" : 0.16941600608542295,
    "receivedKBytesPerSec" : 2.681372276002392,
    "sentKBytesPerSec" : 0.13185991879890827
  },
  "Test" : {
    "transaction" : "Test",
    "sampleCount" : 100,
    "errorCount" : 0,
    "errorPct" : 0.0,
    "meanResTime" : 59575.62,
    "medianResTime" : 61453.5,
    "minResTime" : 28717.0,
    "maxResTime" : 76664.0,
    "pct1ResTime" : 70357.90000000001,
    "pct2ResTime" : 74204.54999999999,
    "pct3ResTime" : 76657.78,
    "throughput" : 0.1633629238042651,
    "receivedKBytesPerSec" : 10.67932946717957,
    "sentKBytesPerSec" : 1.623897657620717
  },
  "GET my courses#3" : {
    "transaction" : "GET my courses#3",
    "sampleCount" : 100,
    "errorCount" : 0,
    "errorPct" : 0.0,
    "meanResTime" : 13209.980000000001,
    "medianResTime" : 14586.0,
    "minResTime" : 3367.0,
    "maxResTime" : 21468.0,
    "pct1ResTime" : 17391.5,
    "pct2ResTime" : 18201.1,
    "pct3ResTime" : 21447.17999999999,
    "throughput" : 0.16998765889596415,
    "receivedKBytesPerSec" : 2.690419909889542,
    "sentKBytesPerSec" : 0.1323048477930502
  },
  "Total" : {
    "transaction" : "Total",
    "sampleCount" : 1100,
    "errorCount" : 0,
    "errorPct" : 0.0,
    "meanResTime" : 5415.96545454546,
    "medianResTime" : 1299.0,
    "minResTime" : 95.0,
    "maxResTime" : 21883.0,
    "pct1ResTime" : 15974.3,
    "pct2ResTime" : 17168.75,
    "pct3ResTime" : 18962.18,
    "throughput" : 1.797235851260761,
    "receivedKBytesPerSec" : 10.680777686928867,
    "sentKBytesPerSec" : 1.6241178737556183
  },
  "profiles/me" : {
    "transaction" : "profiles/me",
    "sampleCount" : 100,
    "errorCount" : 0,
    "errorPct" : 0.0,
    "meanResTime" : 199.03000000000006,
    "medianResTime" : 199.0,
    "minResTime" : 96.0,
    "maxResTime" : 1790.0,
    "pct1ResTime" : 286.60000000000025,
    "pct2ResTime" : 321.4499999999999,
    "pct3ResTime" : 1776.309999999993,
    "throughput" : 0.1734283489447752,
    "receivedKBytesPerSec" : 0.0914563558888463,
    "sentKBytesPerSec" : 0.12499035304808995
  }
}