{
  "GET my courses #1" : {
    "transaction" : "GET my courses #1",
    "sampleCount" : 800,
    "errorCount" : 519,
    "errorPct" : 64.875,
    "meanResTime" : 4196.655000000004,
    "medianResTime" : 0.0,
    "minResTime" : 0.0,
    "maxResTime" : 21098.0,
    "pct1ResTime" : 13879.8,
    "pct2ResTime" : 15393.75,
    "pct3ResTime" : 17901.140000000003,
    "throughput" : 0.42933771973370327,
    "receivedKBytesPerSec" : 3.043928439297013,
    "sentKBytesPerSec" : 0.11737449670214964
  },
  "courses" : {
    "transaction" : "courses",
    "sampleCount" : 800,
    "errorCount" : 519,
    "errorPct" : 64.875,
    "meanResTime" : 381.36124999999964,
    "medianResTime" : 0.0,
    "minResTime" : 0.0,
    "maxResTime" : 2298.0,
    "pct1ResTime" : 1203.9,
    "pct2ResTime" : 1393.8999999999999,
    "pct3ResTime" : 1892.840000000001,
    "throughput" : 0.4302400685802669,
    "receivedKBytesPerSec" : 0.7109806416506268,
    "sentKBytesPerSec" : 0.18801680067300303
  },
  "specializations" : {
    "transaction" : "specializations",
    "sampleCount" : 800,
    "errorCount" : 519,
    "errorPct" : 64.875,
    "meanResTime" : 57.582499999999946,
    "medianResTime" : 0.0,
    "minResTime" : 0.0,
    "maxResTime" : 396.0,
    "pct1ResTime" : 199.0,
    "pct2ResTime" : 205.94999999999993,
    "pct3ResTime" : 298.99,
    "throughput" : 0.4301947222635986,
    "receivedKBytesPerSec" : 1.265600104160897,
    "sentKBytesPerSec" : 0.10949274900073831
  },
  "cities" : {
    "transaction" : "cities",
    "sampleCount" : 800,
    "errorCount" : 519,
    "errorPct" : 64.875,
    "meanResTime" : 65.93875000000001,
    "medianResTime" : 0.0,
    "minResTime" : 0.0,
    "maxResTime" : 531.0,
    "pct1ResTime" : 216.89999999999998,
    "pct2ResTime" : 286.8499999999998,
    "pct3ResTime" : 398.30000000000064,
    "throughput" : 0.43016881437409094,
    "receivedKBytesPerSec" : 0.7700326340177499,
    "sentKBytesPerSec" : 0.10815815576547197
  },
  "UPDATE course to PUBLIC" : {
    "transaction" : "UPDATE course to PUBLIC",
    "sampleCount" : 800,
    "errorCount" : 519,
    "errorPct" : 64.875,
    "meanResTime" : 390.54500000000024,
    "medianResTime" : 0.0,
    "minResTime" : 0.0,
    "maxResTime" : 1994.0,
    "pct1ResTime" : 1293.9,
    "pct2ResTime" : 1398.9499999999998,
    "pct3ResTime" : 1793.98,
    "throughput" : 0.4338343034952945,
    "receivedKBytesPerSec" : 0.9508538986045177,
    "sentKBytesPerSec" : 0.19583763439373283
  },
  "login" : {
    "transaction" : "login",
    "sampleCount" : 800,
    "errorCount" : 519,
    "errorPct" : 64.875,
    "meanResTime" : 1016.3637500000002,
    "medianResTime" : 0.0,
    "minResTime" : 0.0,
    "maxResTime" : 16989.0,
    "pct1ResTime" : 2768.299999999999,
    "pct2ResTime" : 6491.049999999993,
    "pct3ResTime" : 16011.560000000001,
    "throughput" : 0.4256525919316487,
    "receivedKBytesPerSec" : 0.8041160447682774,
    "sentKBytesPerSec" : 0.12264530981389936
  },
  "UPDATE created course" : {
    "transaction" : "UPDATE created course",
    "sampleCount" : 800,
    "errorCount" : 519,
    "errorPct" : 64.875,
    "meanResTime" : 415.44625,
    "medianResTime" : 0.0,
    "minResTime" : 0.0,
    "maxResTime" : 2635.0,
    "pct1ResTime" : 1324.9,
    "pct2ResTime" : 1507.8999999999999,
    "pct3ResTime" : 1811.970000000001,
    "throughput" : 0.4335267946654528,
    "receivedKBytesPerSec" : 0.9495850886088125,
    "sentKBytesPerSec" : 0.19510399223987038
  },
  "GET filtered courses" : {
    "transaction" : "GET filtered courses",
    "sampleCount" : 800,
    "errorCount" : 519,
    "errorPct" : 64.875,
    "meanResTime" : 3966.227499999999,
    "medianResTime" : 0.0,
    "minResTime" : 0.0,
    "maxResTime" : 22822.0,
    "pct1ResTime" : 13408.2,
    "pct2ResTime" : 14829.699999999997,
    "pct3ResTime" : 16878.18,
    "throughput" : 0.4361225002684879,
    "receivedKBytesPerSec" : 1.8097534546694274,
    "sentKBytesPerSec" : 0.12461487061199435
  },
  "GET my courses#2" : {
    "transaction" : "GET my courses#2",
    "sampleCount" : 800,
    "errorCount" : 519,
    "errorPct" : 64.875,
    "meanResTime" : 4243.935,
    "medianResTime" : 0.0,
    "minResTime" : 0.0,
    "maxResTime" : 22714.0,
    "pct1ResTime" : 14164.8,
    "pct2ResTime" : 15302.599999999999,
    "pct3ResTime" : 18165.420000000002,
    "throughput" : 0.4307040288054855,
    "receivedKBytesPerSec" : 3.053643719911286,
    "sentKBytesPerSec" : 0.11774802512108166
  },
  "Test" : {
    "transaction" : "Test",
    "sampleCount" : 800,
    "errorCount" : 519,
    "errorPct" : 64.875,
    "meanResTime" : 18785.769999999997,
    "medianResTime" : 2.0,
    "minResTime" : 0.0,
    "maxResTime" : 78724.0,
    "pct1ResTime" : 57866.899999999994,
    "pct2ResTime" : 61490.94999999999,
    "pct3ResTime" : 69078.00000000001,
    "throughput" : 0.4256390038557573,
    "receivedKBytesPerSec" : 16.936010217763563,
    "sentKBytesPerSec" : 1.4861508997676012
  },
  "GET my courses#3" : {
    "transaction" : "GET my courses#3",
    "sampleCount" : 800,
    "errorCount" : 519,
    "errorPct" : 64.875,
    "meanResTime" : 3990.0737500000073,
    "medianResTime" : 0.0,
    "minResTime" : 0.0,
    "maxResTime" : 17871.0,
    "pct1ResTime" : 13196.9,
    "pct2ResTime" : 14889.95,
    "pct3ResTime" : 16681.170000000002,
    "throughput" : 0.4343041660084244,
    "receivedKBytesPerSec" : 3.0791635213544644,
    "sentKBytesPerSec" : 0.11873224866546472
  },
  "Total" : {
    "transaction" : "Total",
    "sampleCount" : 8800,
    "errorCount" : 5709,
    "errorPct" : 64.875,
    "meanResTime" : 1707.7972727272743,
    "medianResTime" : 0.0,
    "minResTime" : 0.0,
    "maxResTime" : 22822.0,
    "pct1ResTime" : 9348.200000000015,
    "pct2ResTime" : 12974.0,
    "pct3ResTime" : 16011.949999999999,
    "throughput" : 4.682176020022688,
    "receivedKBytesPerSec" : 16.936541870658345,
    "sentKBytesPerSec" : 1.486197552811487
  },
  "profiles/me" : {
    "transaction" : "profiles/me",
    "sampleCount" : 800,
    "errorCount" : 519,
    "errorPct" : 64.875,
    "meanResTime" : 61.64125000000006,
    "medianResTime" : 0.0,
    "minResTime" : 0.0,
    "maxResTime" : 518.0,
    "pct1ResTime" : 211.0,
    "pct2ResTime" : 218.94999999999993,
    "pct3ResTime" : 314.0,
    "throughput" : 0.42929694040070576,
    "receivedKBytesPerSec" : 0.736075510581633,
    "sentKBytesPerSec" : 0.10867522083302925
  }
}