{
  "Get profile id" : {
    "transaction" : "Get profile id",
    "sampleCount" : 100,
    "errorCount" : 31,
    "errorPct" : 31.0,
    "meanResTime" : 8872.08,
    "medianResTime" : 8513.0,
    "minResTime" : 2721.0,
    "maxResTime" : 22010.0,
    "pct1ResTime" : 14609.400000000001,
    "pct2ResTime" : 19080.99999999995,
    "pct3ResTime" : 22009.1,
    "throughput" : 1.6212710765239948,
    "receivedKBytesPerSec" : 0.0657849738570039,
    "sentKBytesPerSec" : 0.0
  },
  "specializations" : {
    "transaction" : "specializations",
    "sampleCount" : 100,
    "errorCount" : 4,
    "errorPct" : 4.0,
    "meanResTime" : 17385.48,
    "medianResTime" : 4632.5,
    "minResTime" : 284.0,
    "maxResTime" : 284183.0,
    "pct1ResTime" : 19517.800000000003,
    "pct2ResTime" : 29206.549999999992,
    "pct3ResTime" : 284182.71,
    "throughput" : 0.258367890038626,
    "receivedKBytesPerSec" : 1.0284152198064824,
    "sentKBytesPerSec" : 0.1797271635081192
  },
  "cities" : {
    "transaction" : "cities",
    "sampleCount" : 100,
    "errorCount" : 2,
    "errorPct" : 2.0,
    "meanResTime" : 10921.86,
    "medianResTime" : 5694.5,
    "minResTime" : 211.0,
    "maxResTime" : 39735.0,
    "pct1ResTime" : 27176.3,
    "pct2ResTime" : 28045.7,
    "pct3ResTime" : 39663.95999999996,
    "throughput" : 0.968541763520843,
    "receivedKBytesPerSec" : 0.7108093952183093,
    "sentKBytesPerSec" : 0.6933018678327909
  },
  "UPDATE course to PUBLIC" : {
    "transaction" : "UPDATE course to PUBLIC",
    "sampleCount" : 100,
    "errorCount" : 94,
    "errorPct" : 94.0,
    "meanResTime" : 28231.3,
    "medianResTime" : 0.0,
    "minResTime" : 0.0,
    "maxResTime" : 285275.0,
    "pct1ResTime" : 214825.5,
    "pct2ResTime" : 243287.0,
    "pct3ResTime" : 285267.58999999997,
    "throughput" : 0.17657144168816424,
    "receivedKBytesPerSec" : 0.18177029810115072,
    "sentKBytesPerSec" : 0.06807656755711645
  },
  "Total" : {
    "transaction" : "Total",
    "sampleCount" : 900,
    "errorCount" : 405,
    "errorPct" : 45.0,
    "meanResTime" : 55075.70666666669,
    "medianResTime" : 8513.0,
    "minResTime" : 0.0,
    "maxResTime" : 423274.0,
    "pct1ResTime" : 284109.9,
    "pct2ResTime" : 284384.6,
    "pct3ResTime" : 421066.8,
    "throughput" : 1.0311333530394373,
    "receivedKBytesPerSec" : 1.4005903578576944,
    "sentKBytesPerSec" : 0.5442126262135867
  },
  "Create course" : {
    "transaction" : "Create course",
    "sampleCount" : 100,
    "errorCount" : 65,
    "errorPct" : 65.0,
    "meanResTime" : 78145.99999999997,
    "medianResTime" : 10692.0,
    "minResTime" : 112.0,
    "maxResTime" : 284464.0,
    "pct1ResTime" : 284093.3,
    "pct2ResTime" : 284156.0,
    "pct3ResTime" : 284463.44,
    "throughput" : 0.1745541886023097,
    "receivedKBytesPerSec" : 0.15428101511551995,
    "sentKBytesPerSec" : 0.17373596584323636
  },
  "Login, create course and lifter all courses" : {
    "transaction" : "Login, create course and lifter all courses",
    "sampleCount" : 100,
    "errorCount" : 95,
    "errorPct" : 95.0,
    "meanResTime" : 495681.3599999999,
    "medianResTime" : 403036.0,
    "minResTime" : 48729.0,
    "maxResTime" : 869492.0,
    "pct1ResTime" : 866272.6,
    "pct2ResTime" : 867975.65,
    "pct3ResTime" : 869488.93,
    "throughput" : 0.11476826565639989,
    "receivedKBytesPerSec" : 1.4030095449180038,
    "sentKBytesPerSec" : 0.5451526242194323
  },
  "profiles/me" : {
    "transaction" : "profiles/me",
    "sampleCount" : 100,
    "errorCount" : 33,
    "errorPct" : 33.0,
    "meanResTime" : 12262.549999999996,
    "medianResTime" : 5762.5,
    "minResTime" : 125.0,
    "maxResTime" : 49237.0,
    "pct1ResTime" : 26609.8,
    "pct2ResTime" : 37863.64999999992,
    "pct3ResTime" : 49139.42999999995,
    "throughput" : 1.0141370707664847,
    "receivedKBytesPerSec" : 0.536452760861408,
    "sentKBytesPerSec" : 0.7308917560797518
  },
  "login" : {
    "transaction" : "login",
    "sampleCount" : 100,
    "errorCount" : 0,
    "errorPct" : 0.0,
    "meanResTime" : 39812.67,
    "medianResTime" : 42185.0,
    "minResTime" : 7601.0,
    "maxResTime" : 52996.0,
    "pct1ResTime" : 48884.100000000006,
    "pct2ResTime" : 50639.049999999996,
    "pct3ResTime" : 52987.35,
    "throughput" : 1.8867924528301887,
    "receivedKBytesPerSec" : 1.9273290094339623,
    "sentKBytesPerSec" : 1.5477594339622642
  },
  "UPDATE created course" : {
    "transaction" : "UPDATE created course",
    "sampleCount" : 100,
    "errorCount" : 91,
    "errorPct" : 91.0,
    "meanResTime" : 28119.879999999994,
    "medianResTime" : 0.0,
    "minResTime" : 0.0,
    "maxResTime" : 284494.0,
    "pct1ResTime" : 79780.00000000013,
    "pct2ResTime" : 284102.9,
    "pct3ResTime" : 284492.64,
    "throughput" : 0.17598352794178465,
    "receivedKBytesPerSec" : 0.22155191899038248,
    "sentKBytesPerSec" : 0.05186014589034466
  },
  "GET filtered courses" : {
    "transaction" : "GET filtered courses",
    "sampleCount" : 100,
    "errorCount" : 85,
    "errorPct" : 85.0,
    "meanResTime" : 271929.54000000004,
    "medianResTime" : 284164.0,
    "minResTime" : 8502.0,
    "maxResTime" : 423274.0,
    "pct1ResTime" : 420000.60000000003,
    "pct2ResTime" : 422715.95,
    "pct3ResTime" : 423272.64,
    "throughput" : 0.11765785566204899,
    "receivedKBytesPerSec" : 0.3232201473341083,
    "sentKBytesPerSec" : 0.014356786196262716
  }
}