{
  "GET my courses #1" : {
    "transaction" : "GET my courses #1",
    "sampleCount" : 6,
    "errorCount" : 0,
    "errorPct" : 0.0,
    "meanResTime" : 9544.833333333332,
    "medianResTime" : 10482.5,
    "minResTime" : 6016.0,
    "maxResTime" : 11970.0,
    "pct1ResTime" : 11970.0,
    "pct2ResTime" : 11970.0,
    "pct3ResTime" : 11970.0,
    "throughput" : 0.4884402474763921,
    "receivedKBytesPerSec" : 7.730616299658092,
    "sentKBytesPerSec" : 0.3801629660534028
  },
  "courses" : {
    "transaction" : "courses",
    "sampleCount" : 6,
    "errorCount" : 0,
    "errorPct" : 0.0,
    "meanResTime" : 1278.8333333333333,
    "medianResTime" : 1347.5,
    "minResTime" : 905.0,
    "maxResTime" : 1572.0,
    "pct1ResTime" : 1572.0,
    "pct2ResTime" : 1572.0,
    "pct3ResTime" : 1572.0,
    "throughput" : 0.813890396093326,
    "receivedKBytesPerSec" : 0.2853385275366251,
    "sentKBytesPerSec" : 1.0125941060770483
  },
  "specializations" : {
    "transaction" : "specializations",
    "sampleCount" : 6,
    "errorCount" : 0,
    "errorPct" : 0.0,
    "meanResTime" : 183.5,
    "medianResTime" : 197.5,
    "minResTime" : 111.0,
    "maxResTime" : 200.0,
    "pct1ResTime" : 200.0,
    "pct2ResTime" : 200.0,
    "pct3ResTime" : 200.0,
    "throughput" : 0.9391141023634372,
    "receivedKBytesPerSec" : 3.776632688996713,
    "sentKBytesPerSec" : 0.6804908827672562
  },
  "cities" : {
    "transaction" : "cities",
    "sampleCount" : 6,
    "errorCount" : 0,
    "errorPct" : 0.0,
    "meanResTime" : 161.16666666666666,
    "medianResTime" : 163.5,
    "minResTime" : 105.0,
    "maxResTime" : 206.0,
    "pct1ResTime" : 206.0,
    "pct2ResTime" : 206.0,
    "pct3ResTime" : 206.0,
    "throughput" : 0.9379396592152572,
    "receivedKBytesPerSec" : 0.6961270908238236,
    "sentKBytesPerSec" : 0.6713962599656088
  },
  "UPDATE course to PUBLIC" : {
    "transaction" : "UPDATE course to PUBLIC",
    "sampleCount" : 6,
    "errorCount" : 0,
    "errorPct" : 0.0,
    "meanResTime" : 1112.5,
    "medianResTime" : 1095.0,
    "minResTime" : 903.0,
    "maxResTime" : 1301.0,
    "pct1ResTime" : 1301.0,
    "pct2ResTime" : 1301.0,
    "pct3ResTime" : 1301.0,
    "throughput" : 0.5663583160279404,
    "receivedKBytesPerSec" : 1.0680057697753447,
    "sentKBytesPerSec" : 0.7278589295827828
  },
  "login" : {
    "transaction" : "login",
    "sampleCount" : 6,
    "errorCount" : 0,
    "errorPct" : 0.0,
    "meanResTime" : 11725.333333333334,
    "medianResTime" : 11768.5,
    "minResTime" : 11371.0,
    "maxResTime" : 12022.0,
    "pct1ResTime" : 12022.0,
    "pct2ResTime" : 12022.0,
    "pct3ResTime" : 12022.0,
    "throughput" : 0.4899158977708826,
    "receivedKBytesPerSec" : 0.5004414346370539,
    "sentKBytesPerSec" : 0.4018841348901772
  },
  "UPDATE created course" : {
    "transaction" : "UPDATE created course",
    "sampleCount" : 6,
    "errorCount" : 0,
    "errorPct" : 0.0,
    "meanResTime" : 1025.6666666666667,
    "medianResTime" : 1026.0,
    "minResTime" : 818.0,
    "maxResTime" : 1231.0,
    "pct1ResTime" : 1231.0,
    "pct2ResTime" : 1231.0,
    "pct3ResTime" : 1231.0,
    "throughput" : 0.5930611841454977,
    "receivedKBytesPerSec" : 1.1160438494613028,
    "sentKBytesPerSec" : 0.7598596421864189
  },
  "GET filtered courses" : {
    "transaction" : "GET filtered courses",
    "sampleCount" : 6,
    "errorCount" : 0,
    "errorPct" : 0.0,
    "meanResTime" : 4998.0,
    "medianResTime" : 5071.0,
    "minResTime" : 3348.0,
    "maxResTime" : 6792.0,
    "pct1ResTime" : 6792.0,
    "pct2ResTime" : 6792.0,
    "pct3ResTime" : 6792.0,
    "throughput" : 0.3863987635239567,
    "receivedKBytesPerSec" : 2.882519682187017,
    "sentKBytesPerSec" : 0.3143263379057187
  },
  "GET my courses#2" : {
    "transaction" : "GET my courses#2",
    "sampleCount" : 6,
    "errorCount" : 0,
    "errorPct" : 0.0,
    "meanResTime" : 7494.833333333333,
    "medianResTime" : 7976.0,
    "minResTime" : 4687.0,
    "maxResTime" : 9281.0,
    "pct1ResTime" : 9281.0,
    "pct2ResTime" : 9281.0,
    "pct3ResTime" : 9281.0,
    "throughput" : 0.4086636697997548,
    "receivedKBytesPerSec" : 6.467980562934205,
    "sentKBytesPerSec" : 0.31807123518594194
  },
  "Test" : {
    "transaction" : "Test",
    "sampleCount" : 6,
    "errorCount" : 0,
    "errorPct" : 0.0,
    "meanResTime" : 44215.33333333333,
    "medianResTime" : 46078.5,
    "minResTime" : 36413.0,
    "maxResTime" : 47944.0,
    "pct1ResTime" : 47944.0,
    "pct2ResTime" : 47944.0,
    "pct3ResTime" : 47944.0,
    "throughput" : 0.12472975220355895,
    "receivedKBytesPerSec" : 8.153842131111759,
    "sentKBytesPerSec" : 1.239867331718776
  },
  "GET my courses#3" : {
    "transaction" : "GET my courses#3",
    "sampleCount" : 6,
    "errorCount" : 0,
    "errorPct" : 0.0,
    "meanResTime" : 6542.5,
    "medianResTime" : 6412.0,
    "minResTime" : 4681.0,
    "maxResTime" : 8278.0,
    "pct1ResTime" : 8278.0,
    "pct2ResTime" : 8278.0,
    "pct3ResTime" : 8278.0,
    "throughput" : 0.37537537537537535,
    "receivedKBytesPerSec" : 5.941121785848348,
    "sentKBytesPerSec" : 0.292162279466967
  },
  "Total" : {
    "transaction" : "Total",
    "sampleCount" : 66,
    "errorCount" : 0,
    "errorPct" : 0.0,
    "meanResTime" : 4019.5757575757575,
    "medianResTime" : 1349.0,
    "minResTime" : 103.0,
    "maxResTime" : 12022.0,
    "pct1ResTime" : 11559.6,
    "pct2ResTime" : 11880.7,
    "pct3ResTime" : 12022.0,
    "throughput" : 1.375544486359184,
    "receivedKBytesPerSec" : 8.174744625476752,
    "sentKBytesPerSec" : 1.2430457498801608
  },
  "profiles/me" : {
    "transaction" : "profiles/me",
    "sampleCount" : 6,
    "errorCount" : 0,
    "errorPct" : 0.0,
    "meanResTime" : 148.16666666666666,
    "medianResTime" : 139.0,
    "minResTime" : 103.0,
    "maxResTime" : 208.0,
    "pct1ResTime" : 208.0,
    "pct2ResTime" : 208.0,
    "pct3ResTime" : 208.0,
    "throughput" : 8.01068090787717,
    "receivedKBytesPerSec" : 4.224382510013351,
    "sentKBytesPerSec" : 5.773322763684913
  }
}