{
  "GET my courses #1" : {
    "transaction" : "GET my courses #1",
    "sampleCount" : 500,
    "errorCount" : 245,
    "errorPct" : 49.0,
    "meanResTime" : 37195.114000000074,
    "medianResTime" : 33996.0,
    "minResTime" : 0.0,
    "maxResTime" : 78652.0,
    "pct1ResTime" : 60575.9,
    "pct2ResTime" : 68651.05,
    "pct3ResTime" : 75003.01,
    "throughput" : 0.3819779736221291,
    "receivedKBytesPerSec" : 3.2120975432322667,
    "sentKBytesPerSec" : 0.2407311731651306
  },
  "courses" : {
    "transaction" : "courses",
    "sampleCount" : 500,
    "errorCount" : 500,
    "errorPct" : 100.0,
    "meanResTime" : 545.1160000000003,
    "medianResTime" : 176.0,
    "minResTime" : 0.0,
    "maxResTime" : 135516.0,
    "pct1ResTime" : 481.90000000000003,
    "pct2ResTime" : 586.95,
    "pct3ResTime" : 3766.500000000015,
    "throughput" : 0.386656036203378,
    "receivedKBytesPerSec" : 0.18179026239638588,
    "sentKBytesPerSec" : 0.4129448707273542
  },
  "specializations" : {
    "transaction" : "specializations",
    "sampleCount" : 500,
    "errorCount" : 216,
    "errorPct" : 43.2,
    "meanResTime" : 25893.25400000001,
    "medianResTime" : 29300.0,
    "minResTime" : 0.0,
    "maxResTime" : 56097.0,
    "pct1ResTime" : 30413.4,
    "pct2ResTime" : 30517.15,
    "pct3ResTime" : 51096.31,
    "throughput" : 0.3777895983945453,
    "receivedKBytesPerSec" : 0.977236913462759,
    "sentKBytesPerSec" : 0.22282871685462957
  },
  "cities" : {
    "transaction" : "cities",
    "sampleCount" : 500,
    "errorCount" : 223,
    "errorPct" : 44.6,
    "meanResTime" : 27457.092000000026,
    "medianResTime" : 29930.5,
    "minResTime" : 0.0,
    "maxResTime" : 60606.0,
    "pct1ResTime" : 30660.8,
    "pct2ResTime" : 49513.15,
    "pct3ResTime" : 54705.75,
    "throughput" : 0.3812966373449552,
    "receivedKBytesPerSec" : 0.27362576521468907,
    "sentKBytesPerSec" : 0.22099863734114228
  },
  "UPDATE course to PUBLIC" : {
    "transaction" : "UPDATE course to PUBLIC",
    "sampleCount" : 500,
    "errorCount" : 500,
    "errorPct" : 100.0,
    "meanResTime" : 0.0,
    "medianResTime" : 0.0,
    "minResTime" : 0.0,
    "maxResTime" : 0.0,
    "pct1ResTime" : 0.0,
    "pct2ResTime" : 0.0,
    "pct3ResTime" : 0.0,
    "throughput" : 0.3961371870615256,
    "receivedKBytesPerSec" : 0.45725991709640945,
    "sentKBytesPerSec" : 0.0
  },
  "login" : {
    "transaction" : "login",
    "sampleCount" : 500,
    "errorCount" : 219,
    "errorPct" : 43.8,
    "meanResTime" : 28634.269999999997,
    "medianResTime" : 30411.5,
    "minResTime" : 0.0,
    "maxResTime" : 57000.0,
    "pct1ResTime" : 36371.6,
    "pct2ResTime" : 37699.299999999996,
    "pct3ResTime" : 50354.13000000005,
    "throughput" : 0.4098236364962702,
    "receivedKBytesPerSec" : 0.35984116157952584,
    "sentKBytesPerSec" : 0.27355967867163045
  },
  "UPDATE created course" : {
    "transaction" : "UPDATE created course",
    "sampleCount" : 500,
    "errorCount" : 500,
    "errorPct" : 100.0,
    "meanResTime" : 0.0,
    "medianResTime" : 0.0,
    "minResTime" : 0.0,
    "maxResTime" : 0.0,
    "pct1ResTime" : 0.0,
    "pct2ResTime" : 0.0,
    "pct3ResTime" : 0.0,
    "throughput" : 0.3961371870615256,
    "receivedKBytesPerSec" : 0.45725991709640945,
    "sentKBytesPerSec" : 0.0
  },
  "GET filtered courses" : {
    "transaction" : "GET filtered courses",
    "sampleCount" : 500,
    "errorCount" : 256,
    "errorPct" : 51.2,
    "meanResTime" : 33322.108,
    "medianResTime" : 30527.0,
    "minResTime" : 0.0,
    "maxResTime" : 54580.0,
    "pct1ResTime" : 46849.2,
    "pct2ResTime" : 48211.649999999994,
    "pct3ResTime" : 50877.200000000004,
    "throughput" : 0.40121970791205264,
    "receivedKBytesPerSec" : 0.20973133325308937,
    "sentKBytesPerSec" : 0.27180049224642916
  },
  "GET my courses#2" : {
    "transaction" : "GET my courses#2",
    "sampleCount" : 500,
    "errorCount" : 284,
    "errorPct" : 56.8,
    "meanResTime" : 33181.70200000001,
    "medianResTime" : 30218.5,
    "minResTime" : 0.0,
    "maxResTime" : 64356.0,
    "pct1ResTime" : 47279.3,
    "pct2ResTime" : 48510.5,
    "pct3ResTime" : 50966.130000000005,
    "throughput" : 0.3831100567922348,
    "receivedKBytesPerSec" : 2.757590272222682,
    "sentKBytesPerSec" : 0.2471950297887225
  },
  "Test" : {
    "transaction" : "Test",
    "sampleCount" : 500,
    "errorCount" : 500,
    "errorPct" : 100.0,
    "meanResTime" : 236286.5240000001,
    "medianResTime" : 250222.5,
    "minResTime" : 0.0,
    "maxResTime" : 373701.0,
    "pct1ResTime" : 298891.9,
    "pct2ResTime" : 310246.05,
    "pct3ResTime" : 327991.48000000004,
    "throughput" : 0.359177598236869,
    "receivedKBytesPerSec" : 11.01987036696816,
    "sentKBytesPerSec" : 2.172336279442686
  },
  "GET my courses#3" : {
    "transaction" : "GET my courses#3",
    "sampleCount" : 500,
    "errorCount" : 290,
    "errorPct" : 58.0,
    "meanResTime" : 33103.706000000006,
    "medianResTime" : 30513.5,
    "minResTime" : 0.0,
    "maxResTime" : 120708.0,
    "pct1ResTime" : 46770.3,
    "pct2ResTime" : 48680.95,
    "pct3ResTime" : 51673.270000000004,
    "throughput" : 0.39484833480611764,
    "receivedKBytesPerSec" : 2.768269336315228,
    "sentKBytesPerSec" : 0.2547689473402621
  },
  "Total" : {
    "transaction" : "Total",
    "sampleCount" : 5500,
    "errorCount" : 3588,
    "errorPct" : 65.23637,
    "meanResTime" : 21480.59309090914,
    "medianResTime" : 29997.5,
    "minResTime" : 0.0,
    "maxResTime" : 135516.0,
    "pct1ResTime" : 44614.200000000004,
    "pct2ResTime" : 48428.8,
    "pct3ResTime" : 60572.38999999994,
    "throughput" : 3.9512260654481084,
    "receivedKBytesPerSec" : 11.020630372769443,
    "sentKBytesPerSec" : 2.1724860986437955
  },
  "profiles/me" : {
    "transaction" : "profiles/me",
    "sampleCount" : 500,
    "errorCount" : 355,
    "errorPct" : 71.0,
    "meanResTime" : 16954.162000000015,
    "medianResTime" : 6761.0,
    "minResTime" : 0.0,
    "maxResTime" : 60314.0,
    "pct1ResTime" : 51390.3,
    "pct2ResTime" : 58305.149999999994,
    "pct3ResTime" : 59756.64,
    "throughput" : 0.4021021902506303,
    "receivedKBytesPerSec" : 0.23280852924087128,
    "sentKBytesPerSec" : 0.21916375687092118
  }
}